Tên	STT	Loại	Dân số (người)	Diện tích (km2)	Mật độ (người/km2)	Sáp nhập toàn bộ từ	Sáp nhập một phần từ	Giáp ranh	Full Address 1	Latitude 1	Longitude 1	SĐT
Bà Rịa	13	Phường	52265	15.55	3361.09	Phường Phước Trung, Phường Phước Nguyên, Phường Long Toàn, Phường Phước Hưng (TP. Bà Rịa)		phường Long Hương, phường Tam Long, phường Phước Thắng và xã Long Điền	Số 221 Cách mạng Tháng Tám, phường Bà Rịa	10.4986991	107.1679951	02543711781
Tam Long	117	Phường	41130	34.7	1185.3	Phường Long Tâm (TP. Bà Rịa), Xã Hoà Long (TP. Bà Rịa), Xã Long Phước (TP. Bà Rịa)		phường Long Hương, phường Bà Rịa, xã Long Điền, xã Đất Đỏ và xã Nghĩa Thành	Tỉnh lộ 52, Ấp Đông, phường Tam Long	10.5217661	107.2078319	02543751844
Côn Đảo	54	Đặc khu	6502	75.79	85.79	Huyện Côn Đảo		không	Số 28, Tôn Đức Thắng, Đặc Khu Côn Đảo	8.682211	106.6072676	02543830176
Ngãi Giao	92	Xã	49065	69.3	708.01	Thị trấn Ngãi Giao, Xã Bình Ba, Xã Suối Nghệ (H. Châu Đức)		xã Bình Giã, xã Kim Long, phường Tân Thành, xã Châu Pha và xã Nghĩa Thành	Số 70 Trần Hưng Đạo, xã Ngãi Giao	10.6552529	107.243237	02543881125
Nghĩa Thành	93	Xã	27819	65.67	423.63	Xã Đá Bạc (H. Châu Đức), Xã Nghĩa Thành (H. Châu Đức)		phường Long Hương, phường Tam Long, xã Đất Đỏ, xã Xuân Sơn, xã Bình Giã, xã Ngãi Giao và xã Châu Pha	Tổ 6 thôn Sông Cầu, xã Nghĩa Thành	10.56784935	107.2115274	02543881204
Châu Đức	50	Xã	28240	84.66	333.57	Xã Cù Bị (H. Châu Đức), Xã Xà Bang (H. Châu Đức)		xã Bình Giã, xã Kim Long, phường Tân Thành và tỉnh Đồng Nai	Ấp Liên Lộc, xã Châu Đức	10.72775389	107.237226	02543885121
Xuân Sơn	166	Xã	27368	73.81	370.79	Xã Suối Rao (H. Châu Đức), Xã Xuân Sơn (H. Châu Đức), Xã Sơn Bình (H. Châu Đức)		xã Bình Giã, xã Nghĩa Thành, xã Đất Đỏ, xã Hồ Tràm, xã Hoà Hội và xã Bàu Lâm	Tổ 11, thôn Xuân Tân, xã Xuân Sơn	10.64703063	107.3291156	02543887279
Bình Giã	26	Xã	34262	66.96	511.68	Xã Bình Trung (H. Châu Đức), Xã Bình Giã (H. Châu Đức), Xã Quảng Thành (H. Châu Đức)		xã Châu Đức, xã Kim Long, xã Ngãi Giao, xã Nghĩa Thành, xã Xuân Sơn và tỉnh Đồng Nai	Đường Mỹ xuân-Hoà bình, tổ 1, ấp Vĩnh Bình, xã Bình Giã	10.6452347	107.2551454	02543968533
Kim Long	78	Xã	33369	63.92	522.04	Thị trấn Kim Long, Xã Bàu Chinh, Xã Láng Lớn (H. Châu Đức)		xã Bình Giã, xã Châu Đức, phường Tân Thành và xã Ngãi Giao	Tổ 19, xã Kim Long	10.7022771	107.2440799	02543985120
Bến Cát	19	Phường	97928	100.89	970.64	Xã Lai Hưng (H. Bàu Bàng), Xã Tân Hưng (H. Bàu Bàng)	Phường Mỹ Phước (TP. Bến Cát)	phường Chánh Phú Hoà, phường Long Nguyên, phường Thới Hoà, xã Bàu Bàng và xã An Long	Đường 30 Tháng 4, phường Bến Cát	11.15205817	106.5935413	02743559732
Long Nguyên	86	Phường	53387	108	494.32	Xã Long Nguyên (H. Bàu Bàng), Phường An Điền (TP. Bến Cát)	Phường Mỹ Phước (TP. Bến Cát)	phường Bến Cát, phường Thới Hoà, phường Tây Nam, phường Phú An, xã Long Hoà, xã Bàu Bàng và xã Thanh An	Đường An Điền 151, phường Long Nguyên	11.1480806	106.5591974	02743564445
Tân Hiệp	124	Phường	142494	47.06	3028	Phường Khánh Bình (TP. Tân Uyên), Phường Tân Hiệp (TP. Tân Uyên)		phường Tân Uyên, phường Bình Dương, phường Vĩnh Tân, phường Tân Khánh và phường Bình Cơ	Đường Nguyễn Khuyến, phường Tân Hiệp	10.9656045	106.866728	02743655456
Vườn Lài	163	Phường	104076	1.28	81309.38	Phường 1 (Quận 10), Phường 2 (Quận 10), Phường 4 (Quận 10), Phường 9 (Quận 10), Phường 10 (Quận 10)		phường Diên Hồng, phường Hoà Hưng, phường Bàn Cờ, phường Chợ Quán và phường An Đông	Số 168 Hùng Vương, phường Vườn Lài	10.76155	106.669813	02838359477
Long Hương	85	Phường	31457	41.22	763.15	Phường Kim Dinh (TP. Bà Rịa), Phường Long Hương (TP. Bà Rịa), Xã Tân Hưng (TP. Bà Rịa)		phường Bà Rịa, phường Tam Long, phường Tân Hải, phường Phước Thắng, xã Long Sơn, xã Châu Pha và xã Nghĩa Thành	Đường Trịnh Đình Thảo, phường Long Hương	10.50563727	107.1337471	0823683968
Tân An Hội	119	Xã	84342	53.51	1576.2	Xã Phước Hiệp (H. Củ Chi), Xã Tân An Hội (H. Củ Chi), Thị trấn Củ Chi (H. Củ Chi)		xã Củ Chi, xã Thái Mỹ, xã Nhuận Đức và tỉnh Tây Ninh	Số 77 Tỉnh lộ 8, xã Tân An Hội	10.973855	106.4938982	0901404999
Bình Chánh	21	Xã	76187	21.33	3571.82	Xã Bình Chánh (H. Bình Chánh), Xã Tân Quý Tây (H. Bình Chánh)	Xã An Phú Tây (H. Bình Chánh)	xã Tân Nhựt, xã Bình Hưng, xã Hưng Long, phường Bình Đông và tỉnh Tây Ninh	Số 345, đường Trịnh Như Khuê, xã Bình Chánh	10.6630417	106.5672462	0901481788
Củ Chi	55	Xã	128661	64.88	1983.06	Xã Tân Phú Trung (H. Củ Chi), Xã Tân Thông Hội (H. Củ Chi), Xã Phước Vĩnh An (H. Củ Chi)		xã Tân An Hội, xã Nhuận Đức, xã Phú Hoà Đông, xã Hóc Môn, xã Xuân Thới Sơn và tỉnh Tây Ninh	Số 342 Phan Văn Khải, ấp Đình, xã Củ Chi	10.9400336	106.5397514	0907279579
Nhuận Đức	96	Xã	40239	62.06	648.4	Xã Nhuận Đức (H. Củ Chi), Xã Trung Lập Hạ (H. Củ Chi), Xã Phạm Văn Cội (H. Củ Chi)		xã Thái Mỹ, xã Tân An Hội, xã Củ Chi, xã Phú Hoà Đông, xã An Nhơn Tây và phường Tây Nam	Số 1A Bà Thiên, ấp Ngã Tư, xã Nhuận Đức	11.0340967	106.4870629	0908169934
Tân Nhựt	129	Xã	115513	43.67	2645.13	Xã Tân Nhựt (H. Bình Chánh), Thị trấn Tân Túc (H. Bình Chánh)	Xã Tân Kiên (H. Bình Chánh), Phường Tân Tạo A (Quận Bình Tân), Phường 16 (Quận 8)	xã Bình Lợi, xã Bình Chánh, phường Phú Định, phường Bình Đông, phường An Lạc, phường Tân Tạo và tỉnh Tây Ninh	Số 79, đường Tân Túc, xã Tân Nhựt	10.6900171	106.5843712	0908856970
Hưng Long	76	Xã	71504	35.54	2012.21	Xã Hưng Long (H. Bình Chánh), Xã Qui Đức (H. Bình Chánh), Xã Đa Phước (H. Bình Chánh)		xã Bình Chánh, xã Bình Hưng, xã Hiệp Phước và tỉnh Tây Ninh	Số 564 Đoàn Nguyễn Tuấn, xã Hưng Long	10.6502447	106.6245691	0909501338
Tân Vĩnh Lộc	141	Xã	163839	34.05	4811.72	Xã Vĩnh Lộc B (H. Bình Chánh)	Xã Phạm Văn Hai (H. Bình Chánh), Phường Tân Tạo (Quận Bình Tân)	xã Vĩnh Lộc, xã Bình Lợi, phường Bình Tân và tỉnh Tây Ninh	Số 2206 đường Trần Văn Giàu, xã Tân Vĩnh Lộc	10.7983643	106.5605511	0909539800
An Nhơn Tây	8	Xã	40896	77.7	526.33	Xã Phú Mỹ Hưng (H. Củ Chi), Xã An Phú (H. Củ Chi), Xã An Nhơn Tây (H. Củ Chi)		xã Thái Mỹ, xã Nhuận Đức, phường Tây Nam và tỉnh Tây Ninh	Số 1407 Tỉnh lộ 7, ấp Chợ Củ 2, xã An Nhơn Tây	11.0874741	106.5127207	0913133727
Hồ Tràm	69	Xã	51895	94.51	549.09	Thị trấn Phước Bửu, Xã Phước Tân, Xã Phước Thuận (H. Xuyên Mộc)		xã Phước Hải, xã Đất Đỏ, xã Xuân Sơn, xã Hoà Hội, xã Xuyên Mộc và Biển Đông	Hẻm 147, Quốc lộ 55, xã Hồ Tràm	10.5379094	107.4063143	0918509160
Tân Đông Hiệp	122	Phường	100243	21.47	4668.98	Phường Tân Bình (TP. Dĩ An)	Phường Tân Đông Hiệp (TP. Dĩ An), Phường Thái Hoà (TP. Tân Uyên)	phường An Phú, phường Dĩ An, phường Đông Hoà, phường Tân Khánh và tỉnh Đồng Nai	Số 880, đường Nguyễn Thị Minh Khai, phường Tân Đông Hiệp	10.9367945	106.7661299	0918699011
Vĩnh Lộc	160	Xã	167521	30.55	5483.5	Xã Vĩnh Lộc A (H. Bình Chánh)	Xã Phạm Văn Hai (H. Bình Chánh)	xã Tân Vĩnh Lộc, phường Bình Tân, xã Bà Điểm, xã Xuân Thới Sơn và tỉnh Tây Ninh	F7/16 Hương lộ 80, xã Vĩnh Lộc	10.81346	106.5786221	0919389207
Bình Hưng	28	Xã	183697	32.63	5630.98	Xã Bình Hưng (H. Bình Chánh), Xã Phong Phú (H. Bình Chánh)	Phường 7 (Quận 8)	xã Hưng Long, xã Bình Chánh, xã Tân Nhựt, phường Chánh Hưng, phường Bình Đông, phường Tân Hưng, xã Nhà Bè, xã Hiệp Phước	A10/26A đường Số 10, Khu dân cư Bình Hưng, xã Bình Hưng	10.7200104	106.6703963	0931869938
Bình Lợi	31	Xã	47180	54.18	870.8	Xã Bình Lợi (H. Bình Chánh), Xã Lê Minh Xuân (H. Bình Chánh)		xã Tân Vĩnh Lộc, xã Tân Nhựt, phường Bình Tân, phường Tân Tạo và tỉnh Tây Ninh	Số 1905, đường Trần Văn Giàu, xã Bình Lợi	10.7773582	106.5375054	0937048567
Chánh Phú Hoà	49	Phường	53916	69.54	775.33	Phường Chánh Phú Hoà (TP. Bến Cát), Xã Hưng Hoà (H. Bàu Bàng)		phường Vĩnh Tân, phường Bến Cát, phường Hoà Lợi, phường Thới Hoà, xã Phước Hoà và xã An Long	Đường Nguyễn Văn Thành, phường Chánh Phú Hòa	11.1440989	106.6698861	0938882779
Phú Hoà Đông	100	Xã	97766	59.75	1636.25	Xã Tân Thạnh Tây (H. Củ Chi), Xã Tân Thạnh Đông (H. Củ Chi), Xã Phú Hoà Đông (H. Củ Chi)		xã Bình Mỹ, xã Củ Chi, xã Nhuận Đức, xã Xuân Thới Sơn, phường Tây Nam và phường Phú An	Số 269 Tỉnh lộ 8, ấp 2A, xã Phú Hòa Đông	10.9848881	106.5593469	0964793096
Phú Giáo	99	Xã	42739	192.83	221.64	Xã An Bình (H. Phú Giáo), Thị trấn Phước Vĩnh (H. Phú Giáo)	Xã Tam Lập (H. Phú Giáo)	xã Phước Thành, xã Phước Hoà, xã Bắc Tân Uyên và tỉnh Đồng Nai	Số 16A, đường Trần Quang Diệu, xã Phú Giáo	11.2946786	106.7950686	0964809126
Thường Tân	156	Xã	21238	120.7	175.96	Xã Thường Tân (H. Bắc Tân Uyên), Xã Lạc An (H. Bắc Tân Uyên), Xã Hiếu Liêm (H. Bắc Tân Uyên)	Xã Tân Mỹ (H. Bắc Tân Uyên)	xã Bắc Tân Uyên, phường Tân Uyên và tỉnh Đồng Nai	Đường ĐT746, ấp 4, xã Thường Tân	11.0280043	106.8653161	0976643121
Phước Thành	113	Xã	15803	123.49	127.97	Xã An Thái (H. Phú Giáo), Xã Phước Sang (H. Phú Giáo), Xã Tân Hiệp (H. Phú Giáo)		xã Phú Giáo, xã Phước Hoà, xã An Long và tỉnh Đồng Nai	Đường ĐH508, xã Phước Thành	11.3612689	106.7715352	0986754606
Thủ Dầu Một	152	Phường	88132	15.68	5620.66	Phường Phú Cường (TP. Thủ Dầu Một), Phường Phú Thọ (TP. Thủ Dầu Một), Phường Chánh Nghĩa (TP. Thủ Dầu Một)	Phường Hiệp Thành (TP. Thủ Dầu Một), Phường Chánh Mỹ (TP. Thủ Dầu Một)	phường Phú Lợi, phường Thuận An, phường Chánh Hiệp, phường Thuận Giao và xã Bình Mỹ	Số 01, đường Quang Trung, phường Thủ Dầu Một	10.9805456	106.6519567	1900866665
Vũng Tàu	162	Phường	117413	16.86	6963.99	Phường 1 (TP. Vũng Tàu), Phường 2 (TP. Vũng Tàu), Phường 3 (TP. Vũng Tàu), Phường 4 (TP. Vũng Tàu), Phường 5 (TP. Vũng Tàu), Phường Thắng Nhì (TP. Vũng Tàu), Phường Thắng Tam (TP. Vũng Tàu)		phường Tam Thắng và Biển Đông	Số 89 Lý Thường Kiệt, Phường 1, phường Vũng Tàu	10.3502593	107.0762912	02543511928
Tam Thắng	118	Phường	86420	11.76	7348.64	Phường 7, Phường 8, Phường 9, Phường Nguyễn An Ninh (TP. Vũng Tàu)		phường Rạch Dừa, phường Vũng Tàu và biển Đông	Số 603 đường Nguyễn An Ninh, phường Tam Thắng	10.3617608	107.0956814	02543583366
Hoà Hiệp	71	Xã	25995	99.28	261.83	Xã Hoà Hiệp (H. Xuyên Mộc) (giữ nguyên)		xã Bàu Lâm, xã Hoà Hội, xã Bình Châu và tỉnh Lâm Đồng	Tỉnh lộ 329, ấp Phú Bình, xã Hòa Hiệp	10.6891167	107.5004804	02543784254
Long Sơn	88	Xã	17767	56.5	314.46	Xã Long Sơn (TP. Vũng Tàu) (giữ nguyên)		phường Phước Thắng, phường Long Hương, phường Tân Hải và Biển Đông	Thôn 1, xã Long Sơn	10.46368876	107.0842456	02543844005
Bình Châu	22	Xã	26054	87.06	299.26	Xã Bình Châu (H. Xuyên Mộc) (giữ nguyên)		xã Xuyên Mộc, xã Hoà Hội, xã Hoà Hiệp, tỉnh Lâm Đồng và Biển Đông	Quốc lộ 55, ấp Láng Găng, xã Bình Châu	10.5603904	107.5411257	02543871137
Xuyên Mộc	168	Xã	26917	102.96	261.43	Xã Bông Trang, Xã Xuyên Mộc, Xã Bưng Riềng (H. Xuyên Mộc)		xã Bình Châu, xã Hoà Hội, xã Hồ Tràm và Biển Đông	Quốc lộ 55, ấp Trang Hoàng, xã Xuyên Mộc	10.5532506	107.4554749	02543878337
Tân Hải	123	Phường	30297	51.86	584.17	Phường Tân Hoà (TP. Phú Mỹ), Phường Tân Hải (TP. Phú Mỹ)		phường Long Hương, phường Tân Phước, xã Châu Pha và xã Long Sơn	QL 51, thôn Láng Cát, phường Tân Hải	10.49995535	107.1026123	02543890517
Châu Pha	51	Xã	25438	65.64	387.52	Xã Tóc Tiên (TP. Phú Mỹ), Xã Châu Pha (TP. Phú Mỹ)		phường Long Hương, phường Tân Hải, phường Tân Phước, phường Phú Mỹ, phường Tân Thành, xã Ngãi Giao và xã Nghĩa Thành	Thôn Tân Lễ B, xã Châu pha	10.5735425	107.160176	02543897552
Tân Thành	137	Phường	33943	61.63	550.79	Phường Hắc Dịch (TP. Phú Mỹ), Xã Sông Xoài (TP. Phú Mỹ)		phường Phú Mỹ, xã Châu Pha, xã Ngãi Giao, xã Kim Long, xã Châu Đức và tỉnh Đồng Nai	Số 152, đường Bình Giã, phường Tân Thành	10.641694	107.1216848	02543898433
Tân Phước	131	Phường	29363	83.62	351.15	Phường Tân Phước (TP. Phú Mỹ), Phường Phước Hoà (TP. Phú Mỹ)		phường Phú Mỹ, phường Tân Hải, xã Châu Pha, xã Thạnh An và Biển Đông	Số 2102, Đường Độc lập, phường Tân Phước	10.5645955	107.0592875	02543936003
Hoà Lợi	74	Phường	79694	33.59	2372.58	Phường Tân Định (TP. Bến Cát), Phường Hoà Lợi (TP. Bến Cát)		phường Vĩnh Tân, phường Bình Dương, phường Thới Hoà, phường Phú An, phường Chánh Hiệp và phường Chánh Phú Hoà	Số 353, đường Nguyễn Văn Thành, phường Hòa Lợi	11.1015568	106.6631442	02743560367
Tân Khánh	127	Phường	126393	38.23	3306.02	Xã Thạnh Hội (TP. Tân Uyên), Phường Thạnh Phước (TP. Tân Uyên), Phường Tân Phước Khánh (TP. Tân Uyên), Phường Tân Vĩnh Hiệp (TP. Tân Uyên)	Phường Thái Hoà (TP. Tân Uyên)	phường Tân Uyên, phường Bình Dương, phường Phú Lợi, phường Thuận Giao, phường Tân Đông Hiệp, phường An Phú, phường Tân Hiệp và tỉnh Đồng Nai	Đường ĐT746, phường Tân Khánh	11.0034677	106.7211887	02743612344
Bắc Tân Uyên	14	Xã	27964	143.69	194.61	Xã Đất Cuốc (H. Bắc Tân Uyên), Xã Tân Định (H. Bắc Tân Uyên), Thị trấn Tân Thành (H. Bắc Tân Uyên)		xã Thường Tân, xã Phước Hoà, xã Phú Giáo, phường Tân Uyên, phường Bình Cơ và tỉnh Đồng Nai	Khu phố 5, xã Bắc Tân Uyên	11.127367	106.851528	02743620260
Bình Cơ	23	Phường	64601	73.69	876.66	Xã Bình Mỹ (H. Bắc Tân Uyên), Phường Hội Nghĩa (TP. Tân Uyên)		phường Tân Uyên, phường Vĩnh Tân, phường Tân Hiệp, xã Bắc Tân Uyên, xã Phước Hoà	Đường ĐT747A, phường Bình Cơ	11.1082081	106.7599195	02743648464
Tân Uyên	140	Phường	73032	94.67	771.46	Phường Uyên Hưng (TP. Tân Uyên), Xã Bạch Đằng (TP. Tân Uyên), Xã Tân Lập (H. Bắc Tân Uyên)	Xã Tân Mỹ (H. Bắc Tân Uyên)	phường Tân Khánh, phường Tân Hiệp, phường Bình Cơ, xã Bắc Tân Uyên, xã Thường Tân và tỉnh Đồng Nai	Khu phố 1, phường Tân Uyên	11.06109777	106.7988538	02743686970
Thuận An	154	Phường	64689	16.11	4015.46	Phường Hưng Định (TP. Thuận An), Phường An Thạnh (TP. Thuận An), Xã An Sơn (TP. Thuận An)		phường Thuận Giao, phường Lái Thiêu, phường Phú Lợi, phường Thủ Dầu Một, xã Bình Mỹ và xã Đông Thạnh	Số 289, đường Hưng Định 31, phường Thuận An	10.9398132	106.6915147	02743746374
Lái Thiêu	79	Phường	118852	15.46	7687.71	Phường Lái Thiêu (TP. Thuận An), Phường Bình Nhâm (TP. Thuận An)	Phường Vĩnh Phú (TP. Thuận An)	phường Bình Hoà, phường Thuận An, phường Thuận Giao, phường An Phú Đông và xã Đông Thạnh	Đường Phan Đình Phùng, phường Lái Thiêu	10.9050907	106.6996146	02743787357
Bình Dương	25	Phường	107576	58.16	1849.62	Phường Hoà Phú (TP. Thủ Dầu Một), Phường Phú Mỹ (TP. Thủ Dầu Một), Phường Phú Tân (TP. Thủ Dầu Một), Phường Phú Chánh (TP. Tân Uyên)		phường Vĩnh Tân, phường Tân Hiệp, phường Tân Khánh, phường Hoà Lợi, phường Chánh Hiệp và phường Phú Lợi	Số 357, đường Võ Nguyên Giáp, phường Bình Dương	11.0700837	106.6706935	02743815198
Chánh Hiệp	47	Phường	57176	19.89	2874.56	Phường Định Hoà (TP. Thủ Dầu Một), Phường Tương Bình Hiệp (TP. Thủ Dầu Một)	Phường Hiệp An (TP. Thủ Dầu Một), Phường Chánh Mỹ (TP. Thủ Dầu Một)	phường Bình Dương, phường Phú Lợi, phường Thủ Dầu Một, phường Phú An, phường Hoà Lợi và xã Bình Mỹ	Số 279, đường Hồ Văn Cống, phường Chánh Hiệp	11.0089965	106.6333715	02743824243
Phú An	97	Phường	46142	34.97	1319.47	Xã Phú An (TP. Bến Cát), Phường Tân An (TP. Thủ Dầu Một)	Phường Hiệp An (TP. Thủ Dầu Một)	phường Chánh Hiệp, phường Hoà Lợi, phường Thới Hoà, phường Long Nguyên, phường Tây Nam, xã Phú Hoà Đông và xã Bình Mỹ	Số 143, đường Nguyễn Đức Cảnh, phường Phú An	11.0268507	106.638019	02743888383
Phú Lợi	102	Phường	107721	17.96	5997.83	Phường Phú Lợi (TP. Thủ Dầu Một), Phường Phú Hoà (TP. Thủ Dầu Một)	Phường Hiệp Thành (TP. Thủ Dầu Một)	phường Tân Khánh, phường Thuận Giao, phường Thủ Dầu Một, phường Chánh Hiệp, phường Thuận An và phường Bình Dương	Số 438, đường Phú Lợi, phường Phú Lợi	10.9842866	106.6812449	02743904872
Chánh Hưng	48	Phường	190707	4.61	41368.11	Phường Rạch Ông (Quận 8), Phường Hưng Phú (Quận 8), Phường 4 (Quận 8)	Phường 5 (Quận 8)	phường Bình Đông, phường Phú Định, phường Chợ Quán, phường An Đông, phường Tân Hưng, phường Vĩnh Hội và xã Bình Hưng	Trụ sở chính: 39 Dương Bạch Mai, phường Chánh Hưng; - Điểm tiếp nhận thứ nhất: 210-212 Âu Dương Lân, phường Chánh Hưng; - Điểm tiếp nhận thứ hai: 625-625A Hưng Phú, phường Chánh Hưng;	10.740399	106.6657741	02822206789
Bình Lợi Trung	32	Phường	116121	3.89	29851.16	Phường 5 (Quận Bình Thạnh), Phường 11 (Quận Bình Thạnh), Phường 13 (Quận Bình Thạnh)		phường Bình Thạnh, phường Hiệp Bình, phường An Phú Đông, phường Hạnh Thông, phường An Nhơn và phường Đức Nhuận	Số 355/5 Nơ Trang Long, phường Bình Lợi Trung	10.8204539	106.7024576	02835533088
Bình Quới	35	Phường	46200	6.34	7287.07	Phường 27 (Quận Bình Thạnh), Phường 28 (Quận Bình Thạnh)		phường Thạnh Mỹ Tây, phường Bình Thạnh, phường Hiệp Bình, phường Thủ Đức, phường An Khánh	Số 1 khu hành chính Thanh Đa, phường Bình Quới	10.8155324	106.7205799	02835566641
Thông Tây Hội	151	Phường	121192	3.24	37404.94	Phường 8 (Quận Gò Vấp), Phường 11 (Quận Gò Vấp)		phường An Hội Tây, phường Gò Vấp, phường An Hội Đông và phường Tân Sơn	Số 175 Nguyễn Văn Khối, phường Thông Tây Hội	10.834552	106.6641888	02835899733
Nhà Bè	94	Xã	125832	37.1	3391.7	Thị trấn Nhà Bè, Xã Phú Xuân, Xã Phước Kiển, Xã Phước Lộc (H. Nhà Bè)		xã Hiệp Phước, phường Phú Thuận, phường Tân Hưng, phường Tân Mỹ, xã Bình Hưng và tỉnh Đồng Nai	Số 330 Nguyễn Bình, xã Nhà Bè	10.6743896	106.732963	02836222444
Đức Nhuận	63	Phường	71495	2.17	32946.99	Phường 4 (Quận Phú Nhuận), Phường 5 (Quận Phú Nhuận), Phường 9 (Quận Phú Nhuận)		phường Cầu Kiệu, phường Phú Nhuận, phường Tân Sơn Hoà, phường Hạnh Thông, phường Bình Lợi Trung và phường Gia Định	Số 744 Nguyễn Kiệm, phường Đức Nhuận	10.8038966	106.6847715	02836367113
Trung Mỹ Tây	158	Phường	126470	6.93	18249.64	Phường Trung Mỹ Tây (Quận 12), Phường Tân Chánh Hiệp (Quận 12)		phường Đông Hưng Thuận, phường Tân Thới Hiệp, xã Bà Điểm, xã Đông Thạnh	Số 036, phường Trung Mỹ Tây	10.8473475	106.6164001	02837157559
Tân Thới Hiệp	138	Phường	168060	8.06	20851.12	Phường Hiệp Thành (Quận 12), Phường Tân Thới Hiệp (Quận 12)		phường Trung Mỹ Tây, phường Thới An, phường An Hội Tây và xã Đông Thạnh	Số 226 Trương Thị Hoa, phường Tân Thới Hiệp	10.8669945	106.6420052	02837171423
Thới An	149	Phường	125657	14.9	8433.36	Phường Thới An (Quận 12), Phường Thạnh Xuân (Quận 12)		phường An Phú Đông, phường Tân Thới Hiệp, phường An Hội Đông, phường An Hội Tây và xã Đông Thạnh	Số 340 Lê Văn Khương, phường Thới An	10.8754927	106.6494849	02837173560
Bình Hưng Hoà	29	Phường	187950	8.47	22189.96	Phường Bình Hưng Hoà (Quận Bình Tân)	Phường Bình Hưng Hoà A (Quận Bình Tân), Phường Sơn Kỳ (Quận Tân Phú)	phường Bình Tân, phường Bình Trị Đông, phường Đông Hưng Thuận, phường Tây Thạnh, phường Tân Sơn Nhì, phường Phú Thọ Hoà và phường Phú Thạnh	Số 621 Tân Kỳ Tân Quý, phường Bình Hưng Hòa	10.7942213	106.6101615	02837503732
Bình Phú	34	Phường	75925	2.86	26547.2	Phường 10 (Quận 6), Phường 11 (Quận 6)	Phường 16 (Quận 8)	phường Bình Tiên, phường Phú Lâm, phường Bình Tây, phường An Lạc, phường Phú Định	Số 15 Chợ Lớn, phường Bình Phú	10.745922	106.6340882	02837551430
Bình Tân	36	Phường	161851	11.25	14386.76	Phường Bình Hưng Hoà B (Quận Bình Tân)	Phường Bình Trị Đông A (Quận Bình Tân), Phường Tân Tạo (Quận Bình Tân)	phường Tân Tạo, phường Bình Hưng Hoà, phường Bình Trị Đông, xã Vĩnh Lộc, xã Tân Vĩnh Lộc, xã Bình Lợi và xã Bà Điểm	Số 43 đường Số 16, phường Bình Tân	10.8132084	106.5938285	02837652524
Hiệp Phước	68	Xã	67754	63.33	1069.86	Xã Nhơn Đức (H. Nhà Bè), Xã Long Thới (H. Nhà Bè), Xã Hiệp Phước (H. Nhà Bè)		xã Nhà Bè, xã Hưng Long, xã Bình Khánh, xã An Thới Đông và tỉnh Tây Ninh	Số 209 Nguyễn Văn Tạo, xã Hiệp Phước	10.6562443	106.7290045	02837801716
Sài Gòn	115	Phường	47022	3.04	15467.76	Phường Bến Nghé (Quận 1)	Phường Đa Kao (Quận 1), Phường Nguyễn Thái Bình (Quận 1)	phường Tân Định, phường Bến Thành, phường Cầu Ông Lãnh, phường Thạnh Mỹ Tây, phường An Khánh, phường Xuân Hoà	Số 45 - 47 Lê Duẩn, phường Sài Gòn	10.7806307	106.6992978	02838234223
Vĩnh Hội	159	Phường	63015	1.17	53858.97	Phường 1 (Quận 4), Phường 3 (Quận 4)	Phường 2 (Quận 4), Phường 4 (Quận 4)	phường Khánh Hội, phường Cầu Ông Lãnh, phường Chợ Quán, phường Chánh Hưng, phường Tân Hưng	Số 130 đường 46, phường Vĩnh Hội	10.7590721	106.6980465	02838261566
Bến Thành	20	Phường	71875	1.85	38851.35	Phường Bến Thành (Quận 1), Phường Phạm Ngũ Lão (Quận 1)	Phường Cầu Ông Lãnh (Quận 1), Phường Nguyễn Thái Bình (Quận 1)	phường Sài Gòn, phường Cầu Ông Lãnh, phường Xuân Hoà, phường Bàn Cờ, phường Xóm Chiếu, phường Khánh Hội	Số 92 Nguyễn Trãi, phường Bến Thành	10.7701847	106.691297	02838390856
Cầu Ông Lãnh	46	Phường	78734	1.6	49208.75	Phường Nguyễn Cư Trinh (Quận 1), Phường Cầu Kho (Quận 1), Phường Cô Giang (Quận 1)	Phường Cầu Ông Lãnh (Quận 1)	phường Bến Thành, phường Bàn Cờ, phường Chợ Quán, phường Khánh Hội, phường Vĩnh Hội	Số 105 Trần Đình Xu, phường Cầu Ông Lãnh	10.7623797	106.6883225	02838395783
Bàn Cờ	15	Phường	67616	0.99	68298.99	Phường 1 (Quận 3), Phường 2 (Quận 3), Phường 3 (Quận 3), Phường 5 (Quận 3)	Phường 4 (Quận 3)	phường Xuân Hoà, phường Vười Lài, phường Bến Thành, phường Cầu Ông Lãnh, phường Chợ Quán	Số 611/20 Điện Biên Phủ (Số cũ 611C), phường Bàn Cờ	10.7685045	106.6771294	02838396136
Thạnh Mỹ Tây	148	Phường	153216	4.4	34821.82	Phường 19 (Quận Bình Thạnh), Phường 22 (Quận Bình Thạnh), Phường 25 (Quận Bình Thạnh)		phường Gia định, phường Bình Thạnh, phường Bình Quới, phường An Khánh và phường Sài Gòn	Số 85/16 Phạm Viết Chánh, phường Thạnh Mỹ Tây	10.7979692	106.7178996	02838404112
Gia Định	64	Phường	125946	2.76	45632.61	Phường 1 (Quận Bình Thạnh), Phường 2 (Quận Bình Thạnh), Phường 7 (Quận Bình Thạnh), Phường 17 (Quận Bình Thạnh)		phường Thạnh Mỹ Tây, phường Bình Thạnh, phường Bình Lợi Trung, phường Sài Gòn, phường Tân Định, phường Đức Nhuận và phường Cầu Kiệu	Số 98 Lê Lê Văn Duyệt, phường Gia Định	10.7987834	106.696475	02838412019
Bình Thạnh	38	Phường	126300	3.32	38042.17	Phường 12 (Quận Bình Thạnh), Phường 14 (Quận Bình Thạnh), Phường 26 (Quận Bình Thạnh)		phường Gia Định, phường Bình Lợi Trung, phường Thạnh Mỹ Tây, phường Bình Quới	Số 6 Phan Đăng Lưu, phường Bình Thạnh	10.8028235	106.6962029	02838417902
Phú Nhuận	104	Phường	68420	1.46	46863.01	Phường 8 (Quận Phú Nhuận), Phường 10 (Quận Phú Nhuận), Phường 11 (Quận Phú Nhuận), Phường 13 (Quận Phú Nhuận)	Phường 15 (Quận Phú Nhuận)	phường Đức Nhuận, phường Cầu Kiệu, phường Nhiêu Lộc, phường Xuân Hoà, phường Tân Sơn Hoà	Số 159 Nguyễn Văn Trỗi, phường Phú Nhuận	10.7951947	106.6752532	02838443921
Tân Sơn Nhất	134	Phường	84639	3.19	26532.6	Phường 4 (Quận Tân Bình), Phường 5 (Quận Tân Bình), Phường 7 (Quận Tân Bình)		phường Tân Sơn Hoà, phường Bảy Hiền, phường Tân Hoà, phường Tân Sơn và phường Nhiêu Lộc	Số 25/4-6 Hoàng Việt, phường Tân Sơn Nhất	10.7969675	106.6591899	02838445063
Bình Tiên	40	Phường	91520	1.61	56844.72	Phường 1 (Quận 6), Phường 7 (Quận 6), Phường 8 (Quận 6)		phường Bình Tây, phường Phú Định, phường Bình Phú, phường Chợ Lớn	Số 107 Cao Văn Lầu, phường Bình Tiên	10.7466025	106.6491769	02838552700
Minh Phụng	90	Phường	90808	1.27	71502.36	Phường 1 (Quận 11), Phường 7 (Quận 11), Phường 16 (Quận 11)		phường Bình Thới, phường Phú Thọ, phường Chợ Lớn, phường Bình Tây, phường Phú Lâm, phường Diên Hồng	Số 183 A Lý Nam Đế, phường Minh Phụng	10.7622984	106.6589562	02838553805
Phú Định	98	Phường	150389	5.85	25707.52	Phường Xóm Củi (Quận 8), Phường 14 (Quận 8), Phường 15 (Quận 8)	Phường 16 (Quận 8)	phường Bình Đông, phường Bình Tiên, phường Bình Phú, phường Chánh Hưng, phường An Đông, phường Chợ Lớn, phường An Lạc và xã Tân Nhựt	Trụ sở chính: 184 Lưu Hữu Phước, phường Phú Định; - Điểm tiếp nhận thứ nhất: 942 Nguyễn Duy, phường Phú Định; - Điểm tiếp nhận thứ hai: 450 Phú Định, phường Phú Định	10.7123728	106.6238394	02838555565
Bình Đông	24	Phường	155555	8.93	17419.37	Phường 6 (Quận 8)	Phường 7 (Quận 8), Phường 5 (Quận 8), Xã An Phú Tây (Huyện Bình Chánh)	phường Chánh Hưng, phường Phú Định, xã Tân Nhựt, xã Bình Chánh và xã Bình Hưng	Số 1094 Tạ Quang Bửu, phường Bình Đông	10.7639086	106.6143944	02838568756
Bình Thới	39	Phường	76478	1.52	50314.47	Phường 3 (Quận 11), Phường 10 (Quận 11)	Phường 8 (Quận 11)	phường Minh Phụng, phường Phú Thọ, phường Hoà Bình, phường Phú Lâm, phường Tân Phú	Số 270 Bình Thới, phường Bình Thới	10.763878	106.6435955	02838580500
Hoà Bình	70	Phường	69318	0.98	70732.65	Phường 5 (Quận 11), Phường 14 (Quận 11)		phường Bình Thới, phường Phú Thọ, phường Tân Phú, phường Tân Hoà	Số 347 Lạc Long Quân, phường Hòa Bình	10.7703634	106.6445325	02838600988
Hoà Hưng	73	Phường	96414	2.59	37225.48	Phường 12 (Quận 10), Phường 13 (Quận 10), Phường 15 (Quận 10)	Phường 14 (Quận 10)	phường Diên Hồng, phường Vườn Lài, phường Nhiêu Lộc, phường Xuân Hoà và phường Tân Hoà	A8 Châu Thới, phường Hòa Hưng	10.7805431	106.6643323	02838646278
Phú Lâm	101	Phường	87513	2	43756.5	Phường 12 (Quận 6), Phường 13 (Quận 6), Phường 14 (Quận 6)		phường Bình Tiên, phường Bình Phú và phường Bình Tây, phường An Lạc, phường Bình Trị Đông, phường Phú Thạnh, phường Tân Phú, phường Minh Phụng, phường Bình Thới	Số 152 Đặng Nguyên Cẩn, phường Phú Lâm	10.75404213	106.6314743	02838754751
Đông Hưng Thuận	61	Phường	182895	8.26	22142.25	Phường Tân Thới Nhất (Quận 12), Phường Tân Hưng Thuận (Quận 12), Phường Đông Hưng Thuận (Quận 12)		phường Trung Mỹ Tây, phường Tân Thới Hiệp, phường An Hội Tây, phường Tân Sơn, phường Bình Hưng Hoà, phường Tây Thạnh và xã Bà Điểm	Số 68, đường TTN14, phường Đông Hưng Thuận	10.8258709	106.6161443	02838833587
Xuân Thới Sơn	167	Xã	103643	35.21	2943.57	Xã Xuân Thới Đông (H. Hóc Môn), Xã Xuân Thới Sơn (H. Hóc Môn), Xã Tân Thới Nhì (H. Hóc Môn)		xã Hóc Môn, xã Bà Điểm, xã Củ Chi và tỉnh Tây Ninh	Số 1A Lê Thị Kim, ấp 11, xã Xuân Thới Sơn	10.87550143	106.5799589	02838910467
An Phú Đông	10	Phường	179115	14.59	12276.56	Phường An Phú Đông (Quận 12), Phường Thạnh Lộc (Quận 12)		phường Thới An, phường Hiệp Bình, phường Bình Lợi Trung, phường An Nhơn và phường Lái Thiêu, phường Bình Hoà	Số 540 Hà Huy Giáp, phường An Phú Đông	10.8776915	106.6787743	02838919001
Thái Mỹ	145	Xã	49862	62.44	798.56	Xã Trung Lập Thượng (H. Củ Chi), Xã Thái Mỹ (H. Củ Chi), Xã Phước Thạnh (H. Củ Chi)		xã Tân An Hội, xã An Nhơn Tây, xã Nhuận Đức và tỉnh Tây Ninh	Số 712 Phan Văn Khải, ấp Phước Hưng, xã Thái Mỹ	11.0046035	106.4322219	02838929336
Gò Vấp	65	Phường	110850	2.81	39448.4	Phường 10 (Quận Gò Vấp), Phường 17 (Quận Gò Vấp)		phường Hạnh Thông, phường An Nhơn, phường Thông Tây Hội, phường An Hội Đông và phường Tân Sơn	Số 332 (Số cũ 19) Quang Trung, phường Gò Vấp	10.8319219	106.669329	02838941929
Hạnh Thông	66	Phường	128865	3.37	38238.87	Phường 1 (Quận Gò Vấp), Phường 3 (Quận Gò Vấp)		phường An Nhơn, phường Bình Lợi Trung, phường Đức Nhuận, phường Xuân Hoà, phường Tân Sơn	Số 306 (Số cũ 304) Nguyễn Văn Nghi, phường Hạnh Thông	10.8202461	106.6831146	02838946157
Tân Định	121	Phường	48524	1.23	39450.41	Phường Tân Định (Quận 1)	Phường Đa Kao (Quận 1)	phường Sài Gòn, phường Gia Định, phường Cầu Kiệu, phường Xuân Hoà, phường Phú Nhuận	Số 58B Nguyễn Đình Chiểu, phường Tân Định	10.7889685	106.6998689	02839102126
Nhiêu Lộc	95	Phường	88090	1.71	51514.62	Phường 9 (Quận 3), Phường 11 (Quận 3), Phường 12 (Quận 3), Phường 14 (Quận 3)		phường Xuân Hoà, phường Phú Nhuận, phường Tân Sơn Nhất, phường Vườn Lài, phường Hoà Hưng	Số 82 Bà Huyện Thanh Quan, phường Nhiêu Lộc	10.7815668	106.6821972	02839317313
Xuân Hoà	165	Phường	48464	2.22	21830.63	Phường Võ Thị Sáu (Quận 3)	Phường 4 (Quận 3)	phường Nhiêu Lộc, phường Bàn Cờ, phường Tân Định, phường Sài Gòn, phường Vườn Lài, phường Phú Nhuận	Số 99 Trần Quốc Thảo (Số cũ 101), phường Xuân Hòa	10.7828058	106.6861435	02839326868
Khánh Hội	77	Phường	94507	1.07	88324.3	Phường 8 (Quận 4), Phường 9 (Quận 4)	Phường 2 (Quận 4), Phường 4 (Quận 4), Phường 15 (Quận 4)	phường Xóm Chiếu, phường Vĩnh Hội và phường Tân Hưng, phường Bến Thành, phường Cầu Ông Lãnh	Số 531 Vĩnh Khánh, phường Khánh Hội	10.7595724	106.7004851	02839404977
Xóm Chiếu	164	Phường	57875	1.94	29832.47	Phường 13 (Quận 4), Phường 16 (Quận 4), Phường 18 (Quận 4)	Phường 15 (Quận 4)	phường Khánh Hội, phường Tân Thuận, phường Sài Gòn, phường Bến Thành và phường An Khánh	Số 18 Đoàn Như Hài, phường Xóm Chiếu	10.7663304	106.7051269	02839431124
Bình Tây	37	Phường	63293	1.05	60279.05	Phường 2 (Quận 6), Phường 9 (Quận 6)		phường Bình Tiên, phường Bình Phú, phường Phú Lâm, phường Chợ Lớn, phường Minh Phụng	Số 154 Tháp Mười, phường Bình Tây	10.750568	106.653062	02839601096
Cầu Kiệu	45	Phường	62663	1.23	50945.53	Phường 1 (Quận Phú Nhuận), Phường 2 (Quận Phú Nhuận), Phường 7 (Quận Phú Nhuận)	Phường 15 (Quận Phú Nhuận)	phường Đức Nhuận, phường Phú Nhuận, phường Tân Định, phường Gia Định	Số 458 Phan Xích Long, phường Cầu Kiệu	10.7963144	106.6794012	02839903742
Dĩ An	58	Phường	227817	21.38	10655.61	Phường Dĩ An (TP. Dĩ An), Phường An Bình (TP. Dĩ An)	Phường Tân Đông Hiệp (TP. Dĩ An)	phường Đông Hoà, phường Bình Hoà, phường An Phú, phường Tân Đông Hiệp, phường Linh Xuân, phường Tam Bình	Đường Số 10, phường Dĩ An	10.89161795	106.763031	0789269979
Phước Thắng	112	Phường	52589	47.35	1110.64	Phường 11, Phường 12 (TP. Vũng Tàu)		phường Long Hương, phường Bà Rịa, phường Rạch Dừa, xã Long Sơn, xã Long Điền, xã Long Hải và Biển Đông	Số 7A đường Nguyễn Gia Thiều, phường Phước Thắng	10.4190791	107.1553756	0888800247
Tân Sơn	132	Phường	77229	10.12	7631.32		Phường 15 (Quận Tân Bình)	phường Tân Bình, phường Bảy Hiền, phường Tân Sơn Hoà, phường Tân Sơn Nhất, phường Hạnh Thông, phường Gò Vấp, phường Thông Tây Hội, phường An Hội Tây, phường Đông Hưng Thuận và phường Tây Thạnh	Số 822 (Số cũ 8/6) Trường Chinh, phường Tân Sơn	10.8184994	106.6317638	0898899877
Hóc Môn	75	Xã	93323	16.43	5680.04	Xã Tân Xuân (H. Hóc Môn), Xã Tân Hiệp (H. Hóc Môn), Thị trấn Hóc Môn (H. Hóc Môn)		xã Đông Thạnh, xã Xuân Thới Sơn, xã Bà Điểm, xã Củ Chi, xã Phú Hoà Đông, xã Bình Mỹ	Số 01, Lý Thường Kiệt, xã Hóc Môn	10.888064	106.5943072	0901345346
Long Phước	87	Phường	53092	34.29	1548.32	Phường Long Phước (TP. Thủ Đức), Phường Trường Thạnh (TP. Thủ Đức)		phường Long Bình, phường Long Trường, phường Tăng Nhơn Phú và tỉnh Đồng Nai	Số 239 Khu phố Long Thuận, phường Long Phước	10.80931	106.8595997	0901666611
Tân Mỹ	128	Phường	68124	6.45	10561.86	Phường Tân Phú (Quận 7)	Phường Phú Mỹ (Quận 7)	phường Tân Thuận, phường Phú Thuận, phường Tân Hưng và xã Nhà Bè	Số 7 đường Tân Phú, Phường Tân Mỹ	10.7323285	106.7266394	0902157779
Tân Phú	130	Phường	93117	2.52	36951.19	Phường Phú Trung (Quận Tân Phú), Phường Hoà Thạnh (Quận Tân Phú)	Phường Tân Thành (Quận Tân Phú), Phường Tân Thới Hoà (Quận Tân Phú)	phường Phú Thọ Hoà, phường Tân Sơn Nhì, phường Phú Thạnh, phường Bình Thới, phường Hoà Bình, phường Bảy Hiền, phường Tân Bình	Số 525 Âu Cơ, phường Tân Phú	10.78101251	106.6433249	0902379327
Thạnh An	147	Xã	5180	131.31	39.45	Xã Thạnh An (H. Cần Giờ) (giữ nguyên)		xã Bình Khánh, xã Cần Giờ, phường Tân Phước, phường Phú Mỹ và tỉnh Đồng Nai	Ấp Thạnh Bình, xã Thạnh An	10.4706724	106.9752091	0902953100
Cát Lái	44	Phường	68654	19.65	3493.84	Phường Cát Lái (TP. Thủ Đức), Phường Thạnh Mỹ Lợi (TP. Thủ Đức)		phường Bình Trưng, phường Long Trường, phường Tân Thuận, phường Phú Thuận và tỉnh Đồng Nai	Số 441A Nguyễn Thị Định, phường Cát Lái	10.7743255	106.7699143	0903045044
Thủ Đức	153	Phường	118952	8.81	13501.93	Phường Bình Thọ (TP. Thủ Đức), Phường Linh Chiểu (TP. Thủ Đức), Phường Trường Thọ (TP. Thủ Đức)	Phường Linh Đông (TP. Thủ Đức), Phường Linh Tây (TP. Thủ Đức)	phường Linh Xuân, phường Hiệp Bình, phường Tăng Nhơn Phú, phường Phước Long, phường Bình Quới	Số 2 Nguyễn Công Trứ, phường Thủ Đức	10.8474819	106.7716109	0903131683
Long Trường	89	Phường	73669	24.49	3008.13	Phường Long Trường (TP. Thủ Đức), Phường Phú Hữu (TP. Thủ Đức)		phường Long Phước, phường Bình Trưng, phường Cát Lái, phường Tăng Nhơn Phú, phường Phước Long và tỉnh Đồng Nai	Số 893 Nguyễn Duy Trinh, phường Long Trường	10.7986358	106.8237374	0903335533
Phú Thạnh	105	Phường	103780	2.99	34709.03	Phường Phú Thạnh (Quận Tân Phú), Phường Hiệp Tân (Quận Tân Phú)	Phường Tân Thới Hoà (Quận Tân Phú)	phường Phú Thọ Hoà, phường Tân Phú, phường Phú Lâm, phường Bình Trị Đông, phường Bình Hưng Hoà	Số 275 Nguyễn Sơn, phường Phú Thạnh	10.783329	106.6242735	0903391029
Hiệp Bình	67	Phường	215638	16.01	13468.96	Phường Hiệp Bình Chánh (TP. Thủ Đức), Phường Hiệp Bình Phước (TP. Thủ Đức)	Phường Linh Đông (TP. Thủ Đức)	phường Tam Bình, phường Thủ Đức, phường Bình Quới, phường Bình Lợi Trung, phường An Phú Đông và phường Bình Hoà	Số 721 Quốc lộ 13, phường Hiệp Bình	10.8295981	106.7133469	0903394370
Tân Sơn Nhì	135	Phường	117277	3.46	33895.09	Phường Tân Sơn Nhì (Quận Tân Phú)	Phường Sơn Kỳ (Quận Tân Phú), Phường Tân Quý (Quận Tân Phú), Phường Tân Thành (Quận Tân Phú)	phường Tây Thạnh, phường Phú Thọ Hoà, phường Tân Phú, phường Tân Bình, phường Bình Hưng Hoà	Số 48 Tân Quý, phường Tân Sơn Nhì	10.7949154	106.6317553	0903683311
Bà Điểm	12	Xã	204289	27.36	7466.7	Xã Xuân Thới Thượng (H. Hóc Môn), Xã Bà Điểm (H. Hóc Môn), Xã Trung Chánh (H. Hóc Môn)		xã Đông Thạnh, xã Xuân Thới Sơn, xã Hóc Môn, phường Đông Hưng Thuận, phường Trung Mỹ Tây, phường Bình Tân và xã Vĩnh Lộc	Số 14/9 Phan Văn Hớn, ấp Tiền Lân 1, xã Bà Điểm	10.8401422	106.5990265	0903751199
Bảy Hiền	18	Phường	132252	2.86	46241.96	Phường 10 (Quận Tân Bình), Phường 11 (Quận Tân Bình), Phường 12 (Quận Tân Bình)		phường Tân Hoà, phường Tân Bình, phường Tân Sơn Nhất, phường Tân Sơn và phường Tân Phú	Số 1129/20 (Số cũ 2025/20) Lạc Long Quân, phường Bảy Hiền	10.7754984	106.6476834	0903777425
Tăng Nhơn Phú	142	Phường	208233	16.51	12612.54	Phường Hiệp Phú (TP. Thủ Đức), Phường Tân Phú (TP. Thủ Đức), Phường Tăng Nhơn Phú A (TP. Thủ Đức), Phường Tăng Nhơn Phú B (TP. Thủ Đức)	Phường Long Thạnh Mỹ (TP. Thủ Đức)	phường Linh Xuân, phường Long Bình, phường Long Trường, phường Long Phước, phường Phước Long và phường Thủ Đức	Số 29 Lê Văn Việt, phường Tăng Nhơn Phú	10.8453805	106.7873411	0903846160
Bình Trưng	42	Phường	121382	14.82	8190.42	Phường Bình Trưng Đông (TP. Thủ Đức), Phường Bình Trưng Tây (TP. Thủ Đức)	Phường An Phú (TP. Thủ Đức)	phường Phước Long, phường Long Trường, phường An Khánh, phường Cát Lái và phường Tân Thuận	Số 8 Hồ Thị Nhung, phường Bình Trưng	10.7892107	106.7719022	0906242682
Phú Thọ	106	Phường	65369	1.37	47714.6	Phường 11 (Quận 11), Phường 15 (Quận 11)	Phường 8 (Quận 11)	phường Bình Thới, phường Hoà Bình, phường Minh Phụng, phường Diên Hồng, phường Tân Hoà	Số 233 - 235 Lê Đại Hành, phường Phú Thọ	10.7639854	106.6555027	0906729755
An Hội Tây	3	Phường	121004	3.81	31759.58	Phường 12 (Quận Gò Vấp), Phường 14 (Quận Gò Vấp)		phường Thông Tây Hội, phường An Hội Đông, phường Đông Hưng Thuận, phường Tân Thới Hiệp, phường Thới An và phường Tân Sơn	Số 397 Phan Huy Ích, phường An Hội Tây	10.844142	106.6400125	0906840685
Cần Giờ	43	Xã	27130	157.01	172.79	Xã Long Hoà (H. Cần Giờ), Thị trấn Cần Thạnh (H. Cần Giờ)		xã Bình Khánh, xã An Thới Đông, xã Thạnh An và Biển Đông	Số 48 đường Lương Văn Nho, xã Cần Giờ	10.4112792	106.9547322	0906869606
Tân Thuận	139	Phường	148090	10.16	14575.79	Phường Bình Thuận (Quận 7), Phường Tân Thuận Đông (Quận 7), Phường Tân Thuận Tây (Quận 7)		phường Phú Thuận, phường Tân Mỹ, phường Tân Hưng, phường Xóm Chiếu, phường Cát Lái, phường Bình Trưng và phường An Khánh	Số 342 Huỳnh Tấn Phát, phường Tân Thuận	10.7489338	106.7286503	0907291329
Bình Hoà	27	Phường	120035	18.49	6491.89	Phường Bình Hoà (TP. Thuận An)	Phường Vĩnh Phú (TP. Thuận An)	phường Dĩ An, phường Lái Thiêu, phường Thuận Giao, phường An Phú, phường An Phú Đông, phường Hiệp Bình và phường Tam Bình	Đường ĐT743C, phường Bình Hòa	10.9012068	106.7138741	0908256079
Phước Long	111	Phường	137331	9.23	14878.76	Phường Phước Bình (TP. Thủ Đức), Phường Phước Long A (TP. Thủ Đức), Phường Phước Long B (TP. Thủ Đức)		phường Tăng Nhơn Phú, phường Long Trường, phường Thủ Đức và phường Bình Trưng	Số 616 Đỗ Xuân Hợp, phường Phước Long	10.83900445	106.6815397	0908414868
Phú Mỹ	103	Phường	78641	70.92	1108.87	Phường Mỹ Xuân (TP. Phú Mỹ), Phường Phú Mỹ (TP. Phú Mỹ)		phường Tân Thành, phường Tân Phước, xã Châu Pha, xã Thạnh An và tỉnh Đồng Nai	Số 412 Độc lập, phường Phú Mỹ	10.5905345	107.0480378	0908463468
Linh Xuân	80	Phường	158334	12.29	12883.16	Phường Linh Trung (TP. Thủ Đức), Phường Linh Xuân (TP. Thủ Đức)	Phường Linh Tây (TP. Thủ Đức)	phường Thủ Đức, phường Hiệp Bình, phường Tam Bình, phường Tăng Nhơn Phú, phường Long Bình và phường Dĩ An, phường Đông Hoà	Số 1262 Kha Vạn Cân, phường Linh Xuân	10.8784283	106.7662791	0908506699
Tân Hoà	125	Phường	93437	1.47	63562.59	Phường 6 (Quận Tân Bình), Phường 8 (Quận Tân Bình), Phường 9 (Quận Tân Bình)		phường Tân Sơn Nhất, phường Bảy Hiền, phường Diên Hồng, phường Hoà Hưng, phường Hoà Bình, phường Phú Thọ	Số 356A Bắc Hải, phường Tân Hòa	10.7860657	106.6639307	0908899947
An Nhơn	7	Phường	111498	3.23	34519.5	Phường 5 (Quận Gò Vấp), Phường 6 (Quận Gò Vấp)		phường Hạnh Thông, phường Gò Vấp, phường An Phú Đông, phường Bình Lợi Trung	Số 1C Nguyễn Văn Lượng, phường An Nhơn	10.83900445	106.6815397	0909425079
Tây Thạnh	144	Phường	72616	3.95	18383.8	Phường Tây Thạnh (Quận Tân Phú)	Phường Sơn Kỳ (Quận Tân Phú)	phường Tân Sơn Nhì, phường Tân Sơn, phường Đông Hưng Thuận, phường Bình Hưng Hoà và phường Tân Bình	Số 200/12 Nguyễn Hữu Tiến, phường Tây Thạnh	10.8131847	106.6236711	0909756139
Chợ Quán	53	Phường	63545	1.28	49644.53	Phường 1 (Quận 5), Phường 2 (Quận 5), Phường 4 (Quận 5)		phường An Đông, phường Cầu Ông Lãnh, phường Vườn Lài, phường Chánh Hưng, phường Vĩnh Hội và phường Bàn Cờ	Số 53 A Trần Phú, phường Chợ Quán	10.7586651	106.6765278	0909846555
Phước Hải	109	Xã	43615	70.44	619.18	Thị trấn Phước Hải, Xã Phước Hội (H. Long Đất)		xã Đất Đỏ, xã Long Điền, xã Long Hải, xã Hồ Tràm và Biển Đông	Ấp Hội Mỹ, xã Phước Hải	10.45067484	107.2825018	0909853122
Trừ Văn Thố	157	Xã	24533	76.56	320.43	Xã Trừ Văn Thố (H. Bàu Bàng), Xã Cây Trường II (H. Bàu Bàng)	Thị trấn Lai Uyên (H. Bàu Bàng)	xã An Long, xã Long Hoà, xã Bàu Bàng và tỉnh Đồng Nai	Đường ĐT750, xã Trừ Văn Thố	11.344819	106.578509	0911944527
Bàu Bàng	16	Xã	42219	84.09	502.07		Thị trấn Lai Uyên (H. Bàu Bàng)	xã An Long, xã Long Hoà, xã Trừ Văn Thố, phường Bến Cát và phường Long Nguyên	Đường N17-5A, xã Bàu Bàng	11.2471068	106.6369696	0913473975
Bình Trị Đông	41	Phường	165142	7.15	23096.78	Phường Bình Trị Đông (Quận Bình Tân)	Phường Bình Trị Đông A (Quận Bình Tân), Phường Bình Hưng Hoà A (Quận Bình Tân)	phường Bình Tân, phường Bình Hưng Hoà, phường An Lạc, phường Tân Tạo, phường Phú Lâm và phường Phú Thạnh	Số 162 Mã Lò, phường Bình Trị Đông	10.7645522	106.6043003	0913734378
Rạch Dừa	114	Phường	76281	19.7	3872.13	Phường 10, Phường Thắng Nhất, Phường Rạch Dừa (TP. Vũng Tàu)		phường Phước Thắng, phường Tam Thắng và Biển Đông	Số 219/28 Lưu Chí Hiếu, phường Rạch Dừa	10.38114379	107.1177969	0913793333
Thuận Giao	155	Phường	150781	16.81	8969.72	Phường Thuận Giao (TP. Thuận An)	Phường Bình Chuẩn (TP. Thuận An)	phường An Phú, phường Thuận An, phường Phú Lợi, phường Lái Thiêu, phường Bình Hoà và phường Tân Khánh	Đường Thủ Khoa Huân, phường Thuận Giao	10.9824581	106.7212357	0913860950
Bàu Lâm	17	Xã	22567	123.83	182.24	Xã Tân Lâm (H. Xuyên Mộc), Xã Bàu Lâm (H. Xuyên Mộc)		xã Hoà Hiệp, xã Hoà Hội, xã Xuân Sơn và tỉnh Đồng Nai	Ấp 2 Đông, xã Bàu Lâm	10.6858399	107.3891395	0914808019
Tây Nam	143	Phường	56784	119.8	474	Phường An Tây (TP. Bến Cát)	Xã Thanh Tuyền (H. Dầu Tiếng), Xã An Lập (H. Dầu Tiếng)	phường Long Nguyên, phường Phú An, xã Thanh An, xã An Nhơn Tây, xã Nhuận Đức và xã Phú Hoà Đông	Đường ĐT744, phường Tây Nam	11.0929937	106.5404605	0914924982
Long Điền	82	Xã	48048	51.44	934.06	Thị trấn Long Điền, Xã Tam An (H. Long Đất)		phường Bà Rịa, phường Tam Long, phường Phước Thắng, xã Đất Đỏ, xã Phước Hải và xã Long Hải	Số 1939, Quốc lộ 55, xã Long Điền	10.4785109	107.2160292	0917815079
An Khánh	4	Phường	76967	15.33	5020.68	Phường An Khánh (TP. Thủ Đức), Phường An Lợi Đông (TP. Thủ Đức), Phường Thảo Điền (TP. Thủ Đức), Phường Thủ Thiêm (TP. Thủ Đức)	Phường An Phú (TP. Thủ Đức)	phường Bình Trưng, phường Thủ Đức, phường Sài Gòn, phường Xóm Chiếu, phường Tân Thuận, phường Thạnh Mỹ Tây và phường Bình Quới	Số 171/1 Lương Định Của, phường An Khánh	10.0311846	105.7556564	0918010000
Tân Bình	120	Phường	89373	2.12	42157.08	Phường 13 (Quận Tân Bình), Phường 14 (Quận Tân Bình)	Phường 15 (Quận Tân Bình)	phường Tân Sơn, phường Bảy Hiền, phường Tân Sơn Hoà, phường Tây Thạnh, phường Tân Sơn Nhì và phường Tân Phú	Số 387A Trường Chinh, phường Tân Bình	10.80170392	106.6424931	0918224417
Long Bình	81	Phường	119637	29.43	4065.14	Phường Long Bình (TP. Thủ Đức)	Phường Long Thạnh Mỹ (TP. Thủ Đức)	phường Tăng Nhơn Phú, phường Linh Xuân, phường Long Phước, phường Đông Hoà và tỉnh Đồng Nai	Số 325 Nguyễn Văn Tăng, phường Long Bình	10.8418744	106.8237487	0918348012
An Long	6	Xã	17906	100.04	179	Xã An Linh (H. Phú Giáo), Xã An Long (H. Phú Giáo), Xã Tân Long (H. Phú Giáo)		xã Phước Thành, xã Bàu Bàng, xã Trừ Văn Thố, xã Phước Hoà, phường Bến Cát, phường Chánh Phú Hoà và tỉnh Đồng Nai	Số 231, đường ĐT 741C, xã An Long	11.3522076	106.6876259	0918660692
Tam Bình	116	Phường	153414	10.71	14324.07	Phường Bình Chiểu (TP. Thủ Đức), Phường Tam Bình (TP. Thủ Đức), Phường Tam Phú (TP. Thủ Đức)		phường Linh Xuân, phường Hiệp Bình, phường An Phú Đông và phường Bình Hoà, phường Dĩ An	Số 707 Tỉnh lộ 43, phường Tam Bình	10.8685257	106.7348102	0918673616
Bình Khánh	30	Xã	35482	158.28	224.17	Xã Bình Khánh (H. Cần Giờ), Xã Tam Thôn Hiệp (H. Cần Giờ)	Xã An Thới Đông (H. Cần Giờ)	xã An Thới Đông, xã Cần Giờ, xã Thạnh An, xã Nhà Bè, xã Hiệp Phước và tỉnh Đồng Nai	Ấp Bình An 1, xã Bình Khánh	10.64380989	106.7867056	0919134505
Tân Hưng	126	Phường	153674	8.54	17994.61	Phường Tân Phong (Quận 7), Phường Tân Hưng (Quận 7), Phường Tân Kiểng (Quận 7), Phường Tân Quy (Quận 7)		phường Tân Mỹ, phường Tân Thuận, phường Khánh Hội, phường Xóm Chiếu, phường Vĩnh Hội, phường Chánh Hưng, xã Bình Hưng và xã Nhà Bè	Số 9 đường 2A phường Tân Hưng	10.7443766	106.6981243	0919404656
Thới Hoà	150	Phường	79601	37.93	2098.6	Phường Thời Hoà (TP. Bến Cát) (giữ nguyên)		phường Hoà Lợi, phường Long Nguyên, phường Phú An, phường Bến Cát và phường Chánh Phú Hoà	Đường Quốc lộ 13, phường Thời Hòa	11.0904975	106.625881	0919450975
Phú Thọ Hoà	107	Phường	140436	3.02	46501.99	Phường Phú Thọ Hoà (Quận Tân Phú)	Phường Tân Quý (Quận Tân Phú), Phường Tân Thành (Quận Tân Phú)	phường Tân Sơn Nhì, phường Phú Thạnh, phường Tân Phú và phường Bình Hưng Hoà	Số 146 Độc Lập, phường Phú Thọ Hòa	10.7923015	106.6333612	0934111986
Tân Tạo	136	Phường	113363	14.71	7706.53		Phường Tân Tạo A (Quận Bình Tân), Phường Tân Tạo (Quận Bình Tân), Xã Tân Kiên (Huyện Bình Chánh)	phường An Lạc, phường Bình Trị Đông, phường Bình Tân, xã Bình Lợi và xã Tân Nhựt	Số 1409 Tỉnh lộ 10, phường Tân Tạo	10.7564917	106.5869855	0935123236
Đông Thạnh	62	Xã	190400	30.16	6312.99	Xã Đông Thạnh (H. Hóc Môn), Xã Nhị Bình (H. Hóc Môn), Xã Thới Tam Thôn (H. Hóc Môn)		Xã Bà Điểm, xã Hóc Môn, xã Bình Mỹ, phường Trung Mỹ Tây, phường Thới An, phường Tân Thới Hiệp, phường An Phú Đông, phường Thuận An và phường Lái Thiêu	Số 250 ấp 54, đường Đặng Thúc Vịnh, xã Đông Thạnh	10.9044927	106.6358119	0938004411
An Hội Đông	2	Phường	123681	3.29	37593.01	Phường 15 (Quận Gò Vấp), Phường 16 (Quận Gò Vấp)		phường An Hội Tây, phường Thông Tây Hội, phường Gò Vấp, phường Thới An và phường An Phú Đông	Số 330 (Số cũ 182) Thống Nhất, phường An Hội Đông	10.8421733	106.6650622	0938020280
An Đông	1	Phường	81229	1.32	61537.12	Phường 5 (Quận 5), Phường 7 (Quận 5), Phường 9 (Quận 5)		phường Chợ Quán, phường Chợ Lớn, phường Chánh Hưng, phường Diên Hồng, phường Vườn Lài và phường Phú Định	Số 45 Phước Hưng, phường An Đông	10.75610073	106.668336	0938801979
Long Hải	83	Xã	109149	27.93	3907.95	Thị trấn Long Hải, Xã Phước Tỉnh, Xã Phước Hưng (H. Long Đất)		phường Phước Thắng, xã Long Điền, xã Phước Hải và Biển Đông	Số 45, Hương lộ 5, xã Long Hải	10.4039922	107.2302382	0938893636
An Thới Đông	11	Xã	22607	257.85	87.68	Xã Lý Nhơn (H. Cần Giờ)	Xã An Thới Đông (H. Cần Giờ)	xã Bình Khánh, xã Cần Giờ, xã Hiệp Phước, tỉnh Tây Ninh, tỉnh Tiền Giang và Biển Đông	Ấp An Hòa 1, xã An Thới Đông	10.59040785	106.7894046	0949093902
An Phú	9	Phường	162930	16.85	9669.44	Phường An Phú (TP. Thuận An)	Phường Bình Chuẩn (TP. Thuận An)	phường Tân Đông Hiệp, phường Thuận Giao, phường Bình Hoà, phường Dĩ An và phường Tân Khánh	Đường ĐT743, phường An Phú	10.95022294	106.7417374	0949552608
Đông Hoà	60	Phường	132056	21.89	6033.62	Phường Bình An (TP. Dĩ An), Phường Bình Thắng (TP. Dĩ An), Phường Đông Hoà (TP. Dĩ An)		phường Dĩ An, phường Tân Đông Hiệp, phường Long Bình, phường Linh Xuân và tỉnh Đồng Nai	Số 153, đường Quốc Lộ 1K, phường Đông Hòa	10.8906827	106.7846345	0949985004
Chợ Lớn	52	Phường	85066	1.67	50937.72	Phường 11 (Quận 5), Phường 12 (Quận 5), Phường 13 (Quận 5), Phường 14 (Quận 5)		phường An Đông, phường Phú Định, phường Bình Tây, phường Bình Tiên, phường Diên Hồng và phường Minh Phụng	Số 527 Hồng Bàng, phường Chợ Lớn	10.7506029	106.6550566	0962947979
Long Hoà	84	Xã	25215	166.76	151.21	Xã Long Tân (H. Dầu Tiếng), Xã Long Hoà (H. Dầu Tiếng)	Xã Minh Tân (H. Dầu Tiếng), Xã Minh Thạnh (H. Dầu Tiếng)	xã Trừ Văn Thố, xã Bàu Bàng, xã Dầu Tiếng, xã Thanh An, xã Minh Thạnh, phường Long Nguyên và tỉnh Đồng Nai	Đường ĐT749A, ấp Long Điền, xã Long Hòa	11.3145054	106.4918309	0967799797
Dầu Tiếng	57	Xã	39056	182.68	213.79	Thị trấn Dầu Tiếng, Xã Định An, Xã Định Thành (H. Dầu Tiếng)	Xã Định Hiệp (H. Dầu Tiếng)	xã Long Hoà, xã Thanh An, xã Minh Thạnh và tỉnh Tây Ninh	Số 5, đường Lê Lợi, xã Dầu Tiếng	11.2672094	106.3675416	0974666499
Thanh An	146	Xã	25324	136.72	185.23	Xã Thanh An (H. Dầu Tiếng)	Xã Định Hiệp (H. Dầu Tiếng), Xã Thanh Tuyền (H. Dầu Tiếng), Xã An Lập (H. Dầu Tiếng)	xã Long Hoà, xã Dầu Tiếng, phường Long Nguyên, phường Tây Nam và tỉnh Tây Ninh	Đường ĐT744, ấp Cần Giăng, xã Thanh An	11.20154736	106.3994	0977333608
Minh Thạnh	91	Xã	24215	159.06	152.24	Xã Minh Hoà (H. Dầu Tiếng)	Xã Minh Tân (H. Dầu Tiếng), Xã Minh Thạnh (H. Dầu Tiếng)	xã Long Hoà, xã Dầu Tiếng, tỉnh Đồng Nai và tỉnh Tây Ninh	Đường ĐT749B, ấp Hòa Cường, xã Minh Thạnh	11.44685882	106.4835073	0978519523
Bình Mỹ	33	Xã	99675	54.44	1830.93	Xã Bình Mỹ (H. Củ Chi), Xã Trung An (H. Củ Chi), Xã Hoà Phú (H. Củ Chi)		xã Phú Hoà Đông, xã Đông Thạnh, xã Hóc Môn, phường Phú An, phường Chánh Hiệp, phường Thủ Dầu Một và phường Thuận An	Số 1627 Tỉnh lộ 8, ấp 1A, xã Bình Mỹ	10.9798659	106.616409	0979260218
Đất Đỏ	56	Xã	43862	119.77	366.23	Thị trấn Đất Đỏ, Xã Láng Dài, Xã Long Tân, Xã Phước Long Thọ (H. Long Đất)		phường Tam Long, xã Long Điền, xã Phước Hải, xã Hồ Tràm, xã Xuân Sơn và xã Nghĩa Thành	Đường Lê Hồng Phong, ấp Hiệp Hòa, xã Đất Đỏ	10.4703782	107.2723649	0982919392
Diên Hồng	59	Phường	75633	1.86	40662.9	Phường 6 (Quận 10), Phường 8 (Quận 10)	Phường 14 (Quận 10)	phường Hoà Hưng, phường Vườn Lài, phường An Đông, phường Chợ Lớn, phường Minh Phụng, phường Phú Thọ và phường Tân Hoà	Số 1a Thành Thái, phường Diên Hồng	10.7699736	106.6615468	0983035141
An Lạc	5	Phường	172134	10.47	16440.69	Phường An Lạc (Quận Bình Tân), Phường An Lạc A (Quận Bình Tân), Phường Bình Trị Đông B (Quận Bình Tân)		phường Bình Trị Đông, phường Tân Tạo, phường Bình Phú, phường Phú Lâm, phường Phú Định và xã Tân Nhựt	Số 521 Kinh Dương Vương, phường An Lạc	10.7368886	106.6148779	0983132123
Phú Thuận	108	Phường	84089	10.55	7970.52	Phường Phú Thuận (Quận 7)	Phường Phú Mỹ (Quận 7)	phường Tân Mỹ, phường Tân Thuận, phường Cát Lái và tỉnh Đồng Nai	Số 1203 Huỳnh Tấn Phát, phường Phú Thuận	10.7219017	106.7362644	0983914778
Phước Hoà	110	Xã	42470	128.07	331.61	Xã Vĩnh Hoà (H. Phú Giáo), Xã Phước Hoà (H. Phú Giáo)	Xã Tam Lập (H. Phú Giáo)	xã Bắc Tân Uyên, xã Phú Giáo, xã An Long, xã Phước Thành, phường Chánh Phú Hoà, phường Bình Cơ và phường Vĩnh Tân	Số 410, đường ĐT741, xã Phước Hòa	11.2716984	106.7778084	0985260630
Vĩnh Tân	161	Phường	61865	61.35	1008.39	Thị trấn Tân Bình (H. Bắc Tân Uyên), Phường Vĩnh Tân (TP. Tân Uyên)		phường Bình Cơ, phường Chánh Phú Hoà, phường Hoà Lợi, phường Bình Dương, phường Tân Hiệp và xã Phước Hoà	Đường ĐT742, phường Vĩnh Tân	11.1156601	106.7060936	0986870470
Hoà Hội	72	Xã	36174	136.27	265.46	Xã Hoà Hội, Xã Hoà Hưng, Xã Hoà Bình (H. Xuyên Mộc)		xã Bàu Lâm, xã Xuân Sơn, xã Hồ Tràm, xã Xuyên Mộc, xã Bình Châu và xã Hoà Hiệp	Tỉnh lộ 328, ấp 4, xã Hoà Hội	10.6267792	107.3719524	0987107662
Tân Sơn Hoà	133	Phường	64150	2.62	24484.73	Phường 1 (Quận Tân Bình), Phường 2 (Quận Tân Bình), Phường 3 (Quận Tân Bình)		phường Tân Sơn Nhất, phường Tân Bình, phường Tân Sơn, phường Hạnh Thông, phường Đức Nhuận và phường Phú Nhuận	Số 291 Lê Văn Sỹ, phường Tân Sơn Hòa	10.7946969	106.6675305	0989353992